@id,label,type,sameAs,notation,group,group.label
http://environment.data.gov.uk/registry/def/water-quality/sampling_point_types/WL,WASTE SITE - LEACHATE BOREHOLE,http://www.w3.org/2004/02/skos/core#Concept,"",WL,http://environment.data.gov.uk/water-quality/def/sampling-point-type-groups/W,WASTE SITE
http://environment.data.gov.uk/registry/def/water-quality/sampling_point_types/WG,WASTE SITE - GAS BOREHOLE,http://www.w3.org/2004/02/skos/core#Concept,"",WG,http://environment.data.gov.uk/water-quality/def/sampling-point-type-groups/W,WASTE SITE
http://environment.data.gov.uk/registry/def/water-quality/sampling_point_types/WM,WASTE SITE - GAS MULTILEVEL,http://www.w3.org/2004/02/skos/core#Concept,"",WM,http://environment.data.gov.uk/water-quality/def/sampling-point-type-groups/W,WASTE SITE
http://environment.data.gov.uk/registry/def/water-quality/sampling_point_types/WZ,WASTE SITE - UNSPECIFIED,http://www.w3.org/2004/02/skos/core#Concept,"",WZ,http://environment.data.gov.uk/water-quality/def/sampling-point-type-groups/W,WASTE SITE
http://environment.data.gov.uk/registry/def/water-quality/sampling_point_types/WC,WASTE SITE - DOMESTIC & INDUSTRIAL LANDFILL,http://www.w3.org/2004/02/skos/core#Concept,"",WC,http://environment.data.gov.uk/water-quality/def/sampling-point-type-groups/W,WASTE SITE
http://environment.data.gov.uk/registry/def/water-quality/sampling_point_types/WS,WASTE SITE - LEACHATE SUMP,http://www.w3.org/2004/02/skos/core#Concept,"",WS,http://environment.data.gov.uk/water-quality/def/sampling-point-type-groups/W,WASTE SITE
http://environment.data.gov.uk/registry/def/water-quality/sampling_point_types/WF,WASTE SITE - GAS & GROUNDWATER,http://www.w3.org/2004/02/skos/core#Concept,"",WF,http://environment.data.gov.uk/water-quality/def/sampling-point-type-groups/W,WASTE SITE
http://environment.data.gov.uk/registry/def/water-quality/sampling_point_types/WD,WASTE SITE - SURFACE WATER MONITORING POINT - LANDFILL,http://www.w3.org/2004/02/skos/core#Concept,"",WD,http://environment.data.gov.uk/water-quality/def/sampling-point-type-groups/W,WASTE SITE
http://environment.data.gov.uk/registry/def/water-quality/sampling_point_types/WE,WASTE SITE - EXTERNAL STANDING WATER (INC. PONDS & DITCHES),http://www.w3.org/2004/02/skos/core#Concept,"",WE,http://environment.data.gov.uk/water-quality/def/sampling-point-type-groups/W,WASTE SITE
http://environment.data.gov.uk/registry/def/water-quality/sampling_point_types/WH,WASTE SITE - GAS & LEACHATE,http://www.w3.org/2004/02/skos/core#Concept,"",WH,http://environment.data.gov.uk/water-quality/def/sampling-point-type-groups/W,WASTE SITE
http://environment.data.gov.uk/registry/def/water-quality/sampling_point_types/WW,WASTE SITE - LEACHATE WELL,http://www.w3.org/2004/02/skos/core#Concept,"",WW,http://environment.data.gov.uk/water-quality/def/sampling-point-type-groups/W,WASTE SITE
http://environment.data.gov.uk/registry/def/water-quality/sampling_point_types/WO,WASTE SITE - AIR MONITORING,http://www.w3.org/2004/02/skos/core#Concept,"",WO,http://environment.data.gov.uk/water-quality/def/sampling-point-type-groups/W,WASTE SITE
http://environment.data.gov.uk/registry/def/water-quality/sampling_point_types/WI,WASTE SITE - INTERNAL STANDING WATER,http://www.w3.org/2004/02/skos/core#Concept,"",WI,http://environment.data.gov.uk/water-quality/def/sampling-point-type-groups/W,WASTE SITE
http://environment.data.gov.uk/registry/def/water-quality/sampling_point_types/WB,WASTE SITE - INDUSTRIAL LANDFILL,http://www.w3.org/2004/02/skos/core#Concept,"",WB,http://environment.data.gov.uk/water-quality/def/sampling-point-type-groups/W,WASTE SITE
http://environment.data.gov.uk/registry/def/water-quality/sampling_point_types/WY,WASTE SITE - UNSPECIFIED BOREHOLE,http://www.w3.org/2004/02/skos/core#Concept,"",WY,http://environment.data.gov.uk/water-quality/def/sampling-point-type-groups/W,WASTE SITE
http://environment.data.gov.uk/registry/def/water-quality/sampling_point_types/WV,WASTE SITE - GAS VENT,http://www.w3.org/2004/02/skos/core#Concept,"",WV,http://environment.data.gov.uk/water-quality/def/sampling-point-type-groups/W,WASTE SITE
http://environment.data.gov.uk/registry/def/water-quality/sampling_point_types/WJ,WASTE SITE - LEACHATE MANAGEMENT SYSTEM,http://www.w3.org/2004/02/skos/core#Concept,"",WJ,http://environment.data.gov.uk/water-quality/def/sampling-point-type-groups/W,WASTE SITE
http://environment.data.gov.uk/registry/def/water-quality/sampling_point_types/WX,WASTE SITE - GAS SPIKE POINT,http://www.w3.org/2004/02/skos/core#Concept,"",WX,http://environment.data.gov.uk/water-quality/def/sampling-point-type-groups/W,WASTE SITE
http://environment.data.gov.uk/registry/def/water-quality/sampling_point_types/WK,WASTE SITE - GAS MANAGEMENT SYSTEM,http://www.w3.org/2004/02/skos/core#Concept,"",WK,http://environment.data.gov.uk/water-quality/def/sampling-point-type-groups/W,WASTE SITE
http://environment.data.gov.uk/registry/def/water-quality/sampling_point_types/WP,WASTE SITE - GAS PROBE,http://www.w3.org/2004/02/skos/core#Concept,"",WP,http://environment.data.gov.uk/water-quality/def/sampling-point-type-groups/W,WASTE SITE
http://environment.data.gov.uk/registry/def/water-quality/sampling_point_types/WA,WASTE SITE - DOMESTIC LANDFILL,http://www.w3.org/2004/02/skos/core#Concept,"",WA,http://environment.data.gov.uk/water-quality/def/sampling-point-type-groups/W,WASTE SITE
http://environment.data.gov.uk/registry/def/water-quality/sampling_point_types/WN,WASTE SITE - GAS & GROUNDWATER MULTI,http://www.w3.org/2004/02/skos/core#Concept,"",WN,http://environment.data.gov.uk/water-quality/def/sampling-point-type-groups/W,WASTE SITE
http://environment.data.gov.uk/registry/def/water-quality/sampling_point_types/WR,WASTE SITE - TREATED EFFLUENT,http://www.w3.org/2004/02/skos/core#Concept,"",WR,http://environment.data.gov.uk/water-quality/def/sampling-point-type-groups/W,WASTE SITE
http://environment.data.gov.uk/registry/def/water-quality/sampling_point_types/EB,MISCELLANEOUS ENVIRONMENT - SEDIMENTS,http://www.w3.org/2004/02/skos/core#Concept,"",EB,http://environment.data.gov.uk/water-quality/def/sampling-point-type-groups/E,MISCELLANEOUS ENVIRONMENT
http://environment.data.gov.uk/registry/def/water-quality/sampling_point_types/EA,MISCELLANEOUS ENVIRONMENT - SOILS,http://www.w3.org/2004/02/skos/core#Concept,"",EA,http://environment.data.gov.uk/water-quality/def/sampling-point-type-groups/E,MISCELLANEOUS ENVIRONMENT
http://environment.data.gov.uk/registry/def/water-quality/sampling_point_types/EZ,MISCELLANEOUS ENVIRONMENT - UNSPECIFIED,http://www.w3.org/2004/02/skos/core#Concept,"",EZ,http://environment.data.gov.uk/water-quality/def/sampling-point-type-groups/E,MISCELLANEOUS ENVIRONMENT
http://environment.data.gov.uk/registry/def/water-quality/sampling_point_types/VA,SEWERAGE SYSTEM DISCHARGE,http://www.w3.org/2004/02/skos/core#Concept,"",VA,http://environment.data.gov.uk/water-quality/def/sampling-point-type-groups/V,SEWERAGE SYSTEM DISCHARGE
http://environment.data.gov.uk/registry/def/water-quality/sampling_point_types/DC,MISCELLANEOUS DISCHARGES - MINE/GROUNDWATER AS RAISED,http://www.w3.org/2004/02/skos/core#Concept,"",DC,http://environment.data.gov.uk/water-quality/def/sampling-point-type-groups/D,MISCELLANEOUS DISCHARGES
http://environment.data.gov.uk/registry/def/water-quality/sampling_point_types/DE,MISCELLANEOUS DISCHARGES - SURFACE WATER,http://www.w3.org/2004/02/skos/core#Concept,"",DE,http://environment.data.gov.uk/water-quality/def/sampling-point-type-groups/D,MISCELLANEOUS DISCHARGES
http://environment.data.gov.uk/registry/def/water-quality/sampling_point_types/DD,MISCELLANEOUS DISCHARGES - HIGHWAY DRAINAGE,http://www.w3.org/2004/02/skos/core#Concept,"",DD,http://environment.data.gov.uk/water-quality/def/sampling-point-type-groups/D,MISCELLANEOUS DISCHARGES
http://environment.data.gov.uk/registry/def/water-quality/sampling_point_types/DB,MISCELLANEOUS DISCHARGES - SWIMMING POOL WATER,http://www.w3.org/2004/02/skos/core#Concept,"",DB,http://environment.data.gov.uk/water-quality/def/sampling-point-type-groups/D,MISCELLANEOUS DISCHARGES
http://environment.data.gov.uk/registry/def/water-quality/sampling_point_types/DA,MISCELLANEOUS DISCHARGES - EMERGENCY DISCHARGES,http://www.w3.org/2004/02/skos/core#Concept,"",DA,http://environment.data.gov.uk/water-quality/def/sampling-point-type-groups/D,MISCELLANEOUS DISCHARGES
http://environment.data.gov.uk/registry/def/water-quality/sampling_point_types/DZ,MISCELLANEOUS DISCHARGES - UNSPECIFIED,http://www.w3.org/2004/02/skos/core#Concept,"",DZ,http://environment.data.gov.uk/water-quality/def/sampling-point-type-groups/D,MISCELLANEOUS DISCHARGES
http://environment.data.gov.uk/registry/def/water-quality/sampling_point_types/AF,AGRICULTURE - FISH FARMING - NOT WATER COMPANY,http://www.w3.org/2004/02/skos/core#Concept,"",AF,http://environment.data.gov.uk/water-quality/def/sampling-point-type-groups/A,AGRICULTURE
http://environment.data.gov.uk/registry/def/water-quality/sampling_point_types/AD,AGRICULTURE - WATER CRESS FARMING,http://www.w3.org/2004/02/skos/core#Concept,"",AD,http://environment.data.gov.uk/water-quality/def/sampling-point-type-groups/A,AGRICULTURE
http://environment.data.gov.uk/registry/def/water-quality/sampling_point_types/AC,AGRICULTURE - FISH FARMING - WATER COMPANY,http://www.w3.org/2004/02/skos/core#Concept,"",AC,http://environment.data.gov.uk/water-quality/def/sampling-point-type-groups/A,AGRICULTURE
http://environment.data.gov.uk/registry/def/water-quality/sampling_point_types/AZ,AGRICULTURE - UNSPECIFIED,http://www.w3.org/2004/02/skos/core#Concept,"",AZ,http://environment.data.gov.uk/water-quality/def/sampling-point-type-groups/A,AGRICULTURE
http://environment.data.gov.uk/registry/def/water-quality/sampling_point_types/AE,AGRICULTURE - SITE DRAINAGE,http://www.w3.org/2004/02/skos/core#Concept,"",AE,http://environment.data.gov.uk/water-quality/def/sampling-point-type-groups/A,AGRICULTURE
http://environment.data.gov.uk/registry/def/water-quality/sampling_point_types/AB,AGRICULTURE - LIVESTOCK FARMING,http://www.w3.org/2004/02/skos/core#Concept,"",AB,http://environment.data.gov.uk/water-quality/def/sampling-point-type-groups/A,AGRICULTURE
http://environment.data.gov.uk/registry/def/water-quality/sampling_point_types/AA,AGRICULTURE - ARABLE FARMING,http://www.w3.org/2004/02/skos/core#Concept,"",AA,http://environment.data.gov.uk/water-quality/def/sampling-point-type-groups/A,AGRICULTURE
http://environment.data.gov.uk/registry/def/water-quality/sampling_point_types/FJ,FRESHWATER - CANALS,http://www.w3.org/2004/02/skos/core#Concept,"",FJ,http://environment.data.gov.uk/water-quality/def/sampling-point-type-groups/F,FRESHWATER
http://environment.data.gov.uk/registry/def/water-quality/sampling_point_types/F6,FRESHWATER - RIVERS,http://www.w3.org/2004/02/skos/core#Concept,"",F6,http://environment.data.gov.uk/water-quality/def/sampling-point-type-groups/F,FRESHWATER
http://environment.data.gov.uk/registry/def/water-quality/sampling_point_types/FA,FRESHWATER - LAKES/PONDS/RESERVOIRS,http://www.w3.org/2004/02/skos/core#Concept,"",FA,http://environment.data.gov.uk/water-quality/def/sampling-point-type-groups/F,FRESHWATER
http://environment.data.gov.uk/registry/def/water-quality/sampling_point_types/FZ,FRESHWATER - UNSPECIFIED,http://www.w3.org/2004/02/skos/core#Concept,"",FZ,http://environment.data.gov.uk/water-quality/def/sampling-point-type-groups/F,FRESHWATER
http://environment.data.gov.uk/registry/def/water-quality/sampling_point_types/FC,FRESHWATER - COMPARATIVE INLET POINTS,http://www.w3.org/2004/02/skos/core#Concept,"",FC,http://environment.data.gov.uk/water-quality/def/sampling-point-type-groups/F,FRESHWATER
http://environment.data.gov.uk/registry/def/water-quality/sampling_point_types/FK,FRESHWATER - LAND DRAINS,http://www.w3.org/2004/02/skos/core#Concept,"",FK,http://environment.data.gov.uk/water-quality/def/sampling-point-type-groups/F,FRESHWATER
http://environment.data.gov.uk/registry/def/water-quality/sampling_point_types/FL,FRESHWATER - BATHING WATER,http://www.w3.org/2004/02/skos/core#Concept,"",FL,http://environment.data.gov.uk/water-quality/def/sampling-point-type-groups/F,FRESHWATER
http://environment.data.gov.uk/registry/def/water-quality/sampling_point_types/FB,FRESHWATER - RIVER TRANSFER,http://www.w3.org/2004/02/skos/core#Concept,"",FB,http://environment.data.gov.uk/water-quality/def/sampling-point-type-groups/F,FRESHWATER
http://environment.data.gov.uk/registry/def/water-quality/sampling_point_types/FD,FRESHWATER - RIVER AUGMENTATION,http://www.w3.org/2004/02/skos/core#Concept,"",FD,http://environment.data.gov.uk/water-quality/def/sampling-point-type-groups/F,FRESHWATER
http://environment.data.gov.uk/registry/def/water-quality/sampling_point_types/FG,OBSOLETE (FG),http://www.w3.org/2004/02/skos/core#Concept,"",FG,http://environment.data.gov.uk/water-quality/def/sampling-point-type-groups/F,FRESHWATER
http://environment.data.gov.uk/registry/def/water-quality/sampling_point_types/F5,OBSOLETE (F5),http://www.w3.org/2004/02/skos/core#Concept,"",F5,http://environment.data.gov.uk/water-quality/def/sampling-point-type-groups/F,FRESHWATER
http://environment.data.gov.uk/registry/def/water-quality/sampling_point_types/FF,OBSOLETE (FF),http://www.w3.org/2004/02/skos/core#Concept,"",FF,http://environment.data.gov.uk/water-quality/def/sampling-point-type-groups/F,FRESHWATER
http://environment.data.gov.uk/registry/def/water-quality/sampling_point_types/F4,OBSOLETE (F4),http://www.w3.org/2004/02/skos/core#Concept,"",F4,http://environment.data.gov.uk/water-quality/def/sampling-point-type-groups/F,FRESHWATER
http://environment.data.gov.uk/registry/def/water-quality/sampling_point_types/FE,OBSOLETE (FE),http://www.w3.org/2004/02/skos/core#Concept,"",FE,http://environment.data.gov.uk/water-quality/def/sampling-point-type-groups/F,FRESHWATER
http://environment.data.gov.uk/registry/def/water-quality/sampling_point_types/F3,OBSOLETE (F3),http://www.w3.org/2004/02/skos/core#Concept,"",F3,http://environment.data.gov.uk/water-quality/def/sampling-point-type-groups/F,FRESHWATER
http://environment.data.gov.uk/registry/def/water-quality/sampling_point_types/FI,OBSOLETE (FI),http://www.w3.org/2004/02/skos/core#Concept,"",FI,http://environment.data.gov.uk/water-quality/def/sampling-point-type-groups/F,FRESHWATER
http://environment.data.gov.uk/registry/def/water-quality/sampling_point_types/F2,OBSOLETE (F2),http://www.w3.org/2004/02/skos/core#Concept,"",F2,http://environment.data.gov.uk/water-quality/def/sampling-point-type-groups/F,FRESHWATER
http://environment.data.gov.uk/registry/def/water-quality/sampling_point_types/F1,OBSOLETE (F1),http://www.w3.org/2004/02/skos/core#Concept,"",F1,http://environment.data.gov.uk/water-quality/def/sampling-point-type-groups/F,FRESHWATER
http://environment.data.gov.uk/registry/def/water-quality/sampling_point_types/FH,OBSOLETE (FH),http://www.w3.org/2004/02/skos/core#Concept,"",FH,http://environment.data.gov.uk/water-quality/def/sampling-point-type-groups/F,FRESHWATER
http://environment.data.gov.uk/registry/def/water-quality/sampling_point_types/SA,SEWAGE DISCHARGES - FINAL/TREATED EFFLUENT - WATER COMPANY,http://www.w3.org/2004/02/skos/core#Concept,"",SA,http://environment.data.gov.uk/water-quality/def/sampling-point-type-groups/S,SEWAGE DISCHARGES - WATER COMPANY
http://environment.data.gov.uk/registry/def/water-quality/sampling_point_types/SC,SEWAGE DISCHARGES - SEWER STORM OVERFLOW - WATER COMPANY,http://www.w3.org/2004/02/skos/core#Concept,"",SC,http://environment.data.gov.uk/water-quality/def/sampling-point-type-groups/S,SEWAGE DISCHARGES - WATER COMPANY
http://environment.data.gov.uk/registry/def/water-quality/sampling_point_types/SB,SEWAGE DISCHARGES - STW STORM OVERFLOW/STORM TANK - WATER COMPANY,http://www.w3.org/2004/02/skos/core#Concept,"",SB,http://environment.data.gov.uk/water-quality/def/sampling-point-type-groups/S,SEWAGE DISCHARGES - WATER COMPANY
http://environment.data.gov.uk/registry/def/water-quality/sampling_point_types/SD,SEWAGE DISCHARGES - PUMPING STATION - WATER COMPANY,http://www.w3.org/2004/02/skos/core#Concept,"",SD,http://environment.data.gov.uk/water-quality/def/sampling-point-type-groups/S,SEWAGE DISCHARGES - WATER COMPANY
http://environment.data.gov.uk/registry/def/water-quality/sampling_point_types/SZ,SEWAGE DISCHARGES - UNSPECIFIED - WATER COMPANY,http://www.w3.org/2004/02/skos/core#Concept,"",SZ,http://environment.data.gov.uk/water-quality/def/sampling-point-type-groups/S,SEWAGE DISCHARGES - WATER COMPANY
http://environment.data.gov.uk/registry/def/water-quality/sampling_point_types/SE,SEWAGE DISCHARGES - SLUDGE - WATER COMPANY,http://www.w3.org/2004/02/skos/core#Concept,"",SE,http://environment.data.gov.uk/water-quality/def/sampling-point-type-groups/S,SEWAGE DISCHARGES - WATER COMPANY
http://environment.data.gov.uk/registry/def/water-quality/sampling_point_types/PE,POLLUTION/INVESTIGATION POINTS - ENVIRONMENT,http://www.w3.org/2004/02/skos/core#Concept,"",PE,http://environment.data.gov.uk/water-quality/def/sampling-point-type-groups/P,POLLUTION/INVESTIGATION POINTS
http://environment.data.gov.uk/registry/def/water-quality/sampling_point_types/PW,POLLUTION/INVESTIGATION POINTS - WASTE,http://www.w3.org/2004/02/skos/core#Concept,"",PW,http://environment.data.gov.uk/water-quality/def/sampling-point-type-groups/P,POLLUTION/INVESTIGATION POINTS
http://environment.data.gov.uk/registry/def/water-quality/sampling_point_types/PI,POLLUTION/INVESTIGATION POINTS - WITHIN PROCESS,http://www.w3.org/2004/02/skos/core#Concept,"",PI,http://environment.data.gov.uk/water-quality/def/sampling-point-type-groups/P,POLLUTION/INVESTIGATION POINTS
http://environment.data.gov.uk/registry/def/water-quality/sampling_point_types/PD,POLLUTION/INVESTIGATION POINTS - DISCHARGES,http://www.w3.org/2004/02/skos/core#Concept,"",PD,http://environment.data.gov.uk/water-quality/def/sampling-point-type-groups/P,POLLUTION/INVESTIGATION POINTS
http://environment.data.gov.uk/registry/def/water-quality/sampling_point_types/TC,TRADE DISCHARGES - SITE DRAINAGE,http://www.w3.org/2004/02/skos/core#Concept,"",TC,http://environment.data.gov.uk/water-quality/def/sampling-point-type-groups/T,TRADE DISCHARGES
http://environment.data.gov.uk/registry/def/water-quality/sampling_point_types/TG,TRADE DISCHARGES - MINERAL WORKINGS,http://www.w3.org/2004/02/skos/core#Concept,"",TG,http://environment.data.gov.uk/water-quality/def/sampling-point-type-groups/T,TRADE DISCHARGES
http://environment.data.gov.uk/registry/def/water-quality/sampling_point_types/TB,TRADE DISCHARGES - COOLING WATER,http://www.w3.org/2004/02/skos/core#Concept,"",TB,http://environment.data.gov.uk/water-quality/def/sampling-point-type-groups/T,TRADE DISCHARGES
http://environment.data.gov.uk/registry/def/water-quality/sampling_point_types/TZ,TRADE DISCHARGES - UNSPECIFIED,http://www.w3.org/2004/02/skos/core#Concept,"",TZ,http://environment.data.gov.uk/water-quality/def/sampling-point-type-groups/T,TRADE DISCHARGES
http://environment.data.gov.uk/registry/def/water-quality/sampling_point_types/TF,TRADE DISCHARGES - PROCESS EFFLUENT - NOT WATER COMPANY,http://www.w3.org/2004/02/skos/core#Concept,"",TF,http://environment.data.gov.uk/water-quality/def/sampling-point-type-groups/T,TRADE DISCHARGES
http://environment.data.gov.uk/registry/def/water-quality/sampling_point_types/TD,"TRADE DISCHARGES - SITE DRAINAGE (CONTAM SURFACE WATER, NOT WASTE SIT",http://www.w3.org/2004/02/skos/core#Concept,"",TD,http://environment.data.gov.uk/water-quality/def/sampling-point-type-groups/T,TRADE DISCHARGES
http://environment.data.gov.uk/registry/def/water-quality/sampling_point_types/TA,TRADE DISCHARGES - PROCESS EFFLUENT - WATER COMPANY (WTW),http://www.w3.org/2004/02/skos/core#Concept,"",TA,http://environment.data.gov.uk/water-quality/def/sampling-point-type-groups/T,TRADE DISCHARGES
http://environment.data.gov.uk/registry/def/water-quality/sampling_point_types/TH,TRADE - RELEASE TO AIR,http://www.w3.org/2004/02/skos/core#Concept,"",TH,http://environment.data.gov.uk/water-quality/def/sampling-point-type-groups/T,TRADE DISCHARGES
http://environment.data.gov.uk/registry/def/water-quality/sampling_point_types/TE,TRADE DISCHARGES - BOILER BLOWDOWN EFFLUENT,http://www.w3.org/2004/02/skos/core#Concept,"",TE,http://environment.data.gov.uk/water-quality/def/sampling-point-type-groups/T,TRADE DISCHARGES
http://environment.data.gov.uk/registry/def/water-quality/sampling_point_types/TY,TRADE DISCHARGES - ABANDONED,http://www.w3.org/2004/02/skos/core#Concept,"",TY,http://environment.data.gov.uk/water-quality/def/sampling-point-type-groups/T,TRADE DISCHARGES
http://environment.data.gov.uk/registry/def/water-quality/sampling_point_types/TI,TRADE DISCHARGES - TRADE EFFLUENT IN AN EMERGENCY - WATER COMPANY,http://www.w3.org/2004/02/skos/core#Concept,"",TI,http://environment.data.gov.uk/water-quality/def/sampling-point-type-groups/T,TRADE DISCHARGES
http://environment.data.gov.uk/registry/def/water-quality/sampling_point_types/TJ,TRADE DISCHARGES - TRADE EFFLUENT IN AN EMERGENCY - NOT WATER COMPANY,http://www.w3.org/2004/02/skos/core#Concept,"",TJ,http://environment.data.gov.uk/water-quality/def/sampling-point-type-groups/T,TRADE DISCHARGES
http://environment.data.gov.uk/registry/def/water-quality/sampling_point_types/YZ,SEWAGE & TRADE COMBINED - UNSPECIFIED,http://www.w3.org/2004/02/skos/core#Concept,"",YZ,http://environment.data.gov.uk/water-quality/def/sampling-point-type-groups/Y,SEWAGE & TRADE COMBINED
http://environment.data.gov.uk/registry/def/water-quality/sampling_point_types/CE,SALINE WATER - ESTUARINE SITES - NON BATHING/SHELLFISH,http://www.w3.org/2004/02/skos/core#Concept,"",CE,http://environment.data.gov.uk/water-quality/def/sampling-point-type-groups/C,SALINE WATER
http://environment.data.gov.uk/registry/def/water-quality/sampling_point_types/CC,SALINE WATER - DESIGNATED SHELLFISHERIES,http://www.w3.org/2004/02/skos/core#Concept,"",CC,http://environment.data.gov.uk/water-quality/def/sampling-point-type-groups/C,SALINE WATER
http://environment.data.gov.uk/registry/def/water-quality/sampling_point_types/CD,SALINE WATER - COASTAL SITES - NON BATHING/SHELLFISH,http://www.w3.org/2004/02/skos/core#Concept,"",CD,http://environment.data.gov.uk/water-quality/def/sampling-point-type-groups/C,SALINE WATER
http://environment.data.gov.uk/registry/def/water-quality/sampling_point_types/CA,SALINE WATER - DESIGNATED BATHING BEACHES,http://www.w3.org/2004/02/skos/core#Concept,"",CA,http://environment.data.gov.uk/water-quality/def/sampling-point-type-groups/C,SALINE WATER
http://environment.data.gov.uk/registry/def/water-quality/sampling_point_types/CG,SALINE WATER - COMPARATIVE INLET POINT,http://www.w3.org/2004/02/skos/core#Concept,"",CG,http://environment.data.gov.uk/water-quality/def/sampling-point-type-groups/C,SALINE WATER
http://environment.data.gov.uk/registry/def/water-quality/sampling_point_types/CB,SALINE WATER - NON DESIGNATED BATHING BEACHES,http://www.w3.org/2004/02/skos/core#Concept,"",CB,http://environment.data.gov.uk/water-quality/def/sampling-point-type-groups/C,SALINE WATER
http://environment.data.gov.uk/registry/def/water-quality/sampling_point_types/C1,SALINE WATER - ESTUARY - CLASS A,http://www.w3.org/2004/02/skos/core#Concept,"",C1,http://environment.data.gov.uk/water-quality/def/sampling-point-type-groups/C,SALINE WATER
http://environment.data.gov.uk/registry/def/water-quality/sampling_point_types/CF,SALINE WATER - ESTUARINE SITES - CORRECTED,http://www.w3.org/2004/02/skos/core#Concept,"",CF,http://environment.data.gov.uk/water-quality/def/sampling-point-type-groups/C,SALINE WATER
http://environment.data.gov.uk/registry/def/water-quality/sampling_point_types/C2,SALINE WATER - ESTUARY - CLASS B,http://www.w3.org/2004/02/skos/core#Concept,"",C2,http://environment.data.gov.uk/water-quality/def/sampling-point-type-groups/C,SALINE WATER
http://environment.data.gov.uk/registry/def/water-quality/sampling_point_types/C3,SALINE WATER - ESTUARY - CLASS C,http://www.w3.org/2004/02/skos/core#Concept,"",C3,http://environment.data.gov.uk/water-quality/def/sampling-point-type-groups/C,SALINE WATER
http://environment.data.gov.uk/registry/def/water-quality/sampling_point_types/C4,SALINE WATER - ESTUARY - CLASS D,http://www.w3.org/2004/02/skos/core#Concept,"",C4,http://environment.data.gov.uk/water-quality/def/sampling-point-type-groups/C,SALINE WATER
http://environment.data.gov.uk/registry/def/water-quality/sampling_point_types/UA,SEWAGE DISCHARGES - FINAL/TREATED EFFLUENT - NOT WATER COMPANY,http://www.w3.org/2004/02/skos/core#Concept,"",UA,http://environment.data.gov.uk/water-quality/def/sampling-point-type-groups/U,SEWAGE DISCHARGES - NOT WATER COMPANY 
http://environment.data.gov.uk/registry/def/water-quality/sampling_point_types/UC,SEWAGE DISCHARGES - SEWER STORM OVERFLOW - NOT WATER COMPANY,http://www.w3.org/2004/02/skos/core#Concept,"",UC,http://environment.data.gov.uk/water-quality/def/sampling-point-type-groups/U,SEWAGE DISCHARGES - NOT WATER COMPANY 
http://environment.data.gov.uk/registry/def/water-quality/sampling_point_types/UZ,SEWAGE DISCHARGES - UNSPECIFIED - NOT WATER COMPANY,http://www.w3.org/2004/02/skos/core#Concept,"",UZ,http://environment.data.gov.uk/water-quality/def/sampling-point-type-groups/U,SEWAGE DISCHARGES - NOT WATER COMPANY 
http://environment.data.gov.uk/registry/def/water-quality/sampling_point_types/UD,SEWAGE DISCHARGES - PUMPING STATION - NOT WATER COMPANY,http://www.w3.org/2004/02/skos/core#Concept,"",UD,http://environment.data.gov.uk/water-quality/def/sampling-point-type-groups/U,SEWAGE DISCHARGES - NOT WATER COMPANY 
http://environment.data.gov.uk/registry/def/water-quality/sampling_point_types/UB,SEWAGE DISCHARGES - STW STORM OVERFLOW/STORM TANK - NOT WATER COMPANY,http://www.w3.org/2004/02/skos/core#Concept,"",UB,http://environment.data.gov.uk/water-quality/def/sampling-point-type-groups/U,SEWAGE DISCHARGES - NOT WATER COMPANY 
http://environment.data.gov.uk/registry/def/water-quality/sampling_point_types/UE,SEWAGE DISCHARGES - SLUDGE - NOT WATER COMPANY,http://www.w3.org/2004/02/skos/core#Concept,"",UE,http://environment.data.gov.uk/water-quality/def/sampling-point-type-groups/U,SEWAGE DISCHARGES - NOT WATER COMPANY 
http://environment.data.gov.uk/registry/def/water-quality/sampling_point_types/BE,GROUNDWATER - COMPOSITE,http://www.w3.org/2004/02/skos/core#Concept,"",BE,http://environment.data.gov.uk/water-quality/def/sampling-point-type-groups/B,GROUNDWATER
http://environment.data.gov.uk/registry/def/water-quality/sampling_point_types/BB,GROUNDWATER - SPRING,http://www.w3.org/2004/02/skos/core#Concept,"",BB,http://environment.data.gov.uk/water-quality/def/sampling-point-type-groups/B,GROUNDWATER
http://environment.data.gov.uk/registry/def/water-quality/sampling_point_types/BA,GROUNDWATER - BOREHOLE,http://www.w3.org/2004/02/skos/core#Concept,"",BA,http://environment.data.gov.uk/water-quality/def/sampling-point-type-groups/B,GROUNDWATER
http://environment.data.gov.uk/registry/def/water-quality/sampling_point_types/BH,GROUNDWATER - LANDFILL SITE,http://www.w3.org/2004/02/skos/core#Concept,"",BH,http://environment.data.gov.uk/water-quality/def/sampling-point-type-groups/B,GROUNDWATER
http://environment.data.gov.uk/registry/def/water-quality/sampling_point_types/BC,GROUNDWATER - WELLS & ADITS,http://www.w3.org/2004/02/skos/core#Concept,"",BC,http://environment.data.gov.uk/water-quality/def/sampling-point-type-groups/B,GROUNDWATER
http://environment.data.gov.uk/registry/def/water-quality/sampling_point_types/BZ,GROUNDWATER - UNSPECIFIED,http://www.w3.org/2004/02/skos/core#Concept,"",BZ,http://environment.data.gov.uk/water-quality/def/sampling-point-type-groups/B,GROUNDWATER
http://environment.data.gov.uk/registry/def/water-quality/sampling_point_types/BL,GROUNDWATER - EXTERNAL TO LANDFILL SITE,http://www.w3.org/2004/02/skos/core#Concept,"",BL,http://environment.data.gov.uk/water-quality/def/sampling-point-type-groups/B,GROUNDWATER
http://environment.data.gov.uk/registry/def/water-quality/sampling_point_types/BD,GROUNDWATER - PIT,http://www.w3.org/2004/02/skos/core#Concept,"",BD,http://environment.data.gov.uk/water-quality/def/sampling-point-type-groups/B,GROUNDWATER
http://environment.data.gov.uk/registry/def/water-quality/sampling_point_types/ZZ,UNSPECIFIED,http://www.w3.org/2004/02/skos/core#Concept,"",ZZ,http://environment.data.gov.uk/water-quality/def/sampling-point-type-groups/Z,EXEMPTION
http://environment.data.gov.uk/registry/def/water-quality/sampling_point_types/NA,RAINWATER,http://www.w3.org/2004/02/skos/core#Concept,"",NA,http://environment.data.gov.uk/water-quality/def/sampling-point-type-groups/N,RAINWATER
http://environment.data.gov.uk/registry/def/water-quality/sampling_point_types/RA,SEWAGE - CRUDE TO FURTHER TREATMENT - WATER COMPANY,http://www.w3.org/2004/02/skos/core#Concept,"",RA,http://environment.data.gov.uk/water-quality/def/sampling-point-type-groups/R,SEWAGE
http://environment.data.gov.uk/registry/def/water-quality/sampling_point_types/RB,SEWAGE - CRUDE TO FURTHER TREATMENT - NOT WATER COMPANY,http://www.w3.org/2004/02/skos/core#Concept,"",RB,http://environment.data.gov.uk/water-quality/def/sampling-point-type-groups/R,SEWAGE
http://environment.data.gov.uk/registry/def/water-quality/sampling_point_types/MA,MINEWATER,http://www.w3.org/2004/02/skos/core#Concept,"",MA,http://environment.data.gov.uk/water-quality/def/sampling-point-type-groups/M,MINEWATER
